OBJECTID,ZONE_,SHAPElen
1,75,42904.1729946661
2,65,26979.3430749143
3,75,7722.12625750281
4,75,33043.3527626771
5,70,101788.464220455
6,65,106558.155442316
