OBJECTID,Precinct,Shapearea,Shapelen
2,2,594521474.082087,163971.203487861
3,3,790562611.697455,159774.948724885
1,1,464212809.941769,118298.646034888
