OBJECTID,SHAPEarea,SHAPElen
1,1240318113.67278,185078.508067743
