OBJECTID,PERIMETER,AREA_SQFT,ACRES
1,201668.14606,1848946516.71713,42445.97145
