OBJECTID,SHAPEarea,SHAPElen
1,11558924.4521922,68905.2676017086
